Workbook

Sheet Assumptions
A1: Scroll Puzzle — Hybrid Monetization Model / Assumptions
A2: Yellow = input (edit here). Everything else computes. Scale = post-UA-rampup, not current soft-launch.
A4: Parameter | B4: Pessimistic | C4: Base | D4: Optimistic
A5: Audience & retention
A6: DAU (post-rampup) | B6: 50000 | C6: 75000 | D6: 100000 | E6: daily active users
A7: Retention D1 | B7: 0.32 | C7: 0.38 | D7: 0.44 | E7: share
A8: Retention D7 | B8: 0.12 | C8: 0.16 | D8: 0.2 | E8: share
A9: Retention D30 | B9: 0.045 | C9: 0.065 | D9: 0.085 | E9: share
A10: Avg sessions / DAU | B10: 2.2 | C10: 2.8 | D10: 3.4 | E10: count
A11: BEFORE — ads-only baseline
A12: Interstitial impressions / DAU (before) | B12: 5.5 | C12: 6.5 | D12: 7.5 | E12: aggressive: post-level + mid-level
A13: Interstitial eCPM ($) | B13: 7 | C13: 9 | D13: 11 | E13: blended geo, $/1000
A14: Rewarded impressions / DAU (before) | B14: 0 | C14: 0 | D14: 0 | E14: no coin sink yet -> ~0 rewarded
A15: Rewarded eCPM ($) | B15: 15 | C15: 20 | D15: 25 | E15: $/1000
A16: Banner ARPDAU ($) | B16: 0 | C16: 0 | D16: 0 | E16: not confirmed in listing; assume 0
A17: U1 — Booster economy + rewarded
A18: Rewarded impressions / DAU (after U1) | B18: 0.35 | C18: 0.55 | D18: 0.8 | E18: coins x2 + booster-for-view opt-in
A19: Interstitial impr/DAU (after U1) | B19: 5.5 | C19: 6.5 | D19: 7.5 | E19: unchanged in U1 (softening is U2)
A20: IAP conv. to payer — U1 (coin packs) | B20: 0.006 | C20: 0.01 | D20: 0.016 | E20: share of DAU paying/day
A21: Avg IAP transaction value ($) — U1 | B21: 3.2 | C21: 3.8 | D21: 4.5 | E21: coin-pack blended net-ish gross
A22: U2 — Remove-ads SKU + interstitial softening
A23: Interstitial impr/DAU (after U2) | B23: 3.2 | C23: 4 | D23: 4.8 | E23: kill mid-level + freq cap
A24: Retention D1 uplift (U2, abs p.p.) | B24: 0.005 | C24: 0.012 | D24: 0.02 | E24: less intrusive -> better D1
A25: Rewarded impressions / DAU (after U2) | B25: 0.45 | C25: 0.7 | D25: 1 | E25: more sessions -> more opt-in
A26: Remove-ads SKU price ($) | B26: 4.99 | C26: 4.99 | D26: 4.99 | E26: one-time, keeps rewarded
A27: Remove-ads daily buyers / DAU | B27: 0.0008 | C27: 0.0015 | D27: 0.0025 | E27: share of DAU/day buying remove-ads
A28: Share of DAU who are ad-free (steady) | B28: 0.02 | C28: 0.035 | D28: 0.05 | E28: cumulative remove-ads owners
A29: U3 — Offer layer (starter pack + piggy)
A30: IAP conv. to payer — U3 total (share DAU) | B30: 0.01 | C30: 0.017 | D30: 0.025 | E30: coin packs + offers, incl. U1
A31: Avg IAP transaction value ($) — U3 | B31: 4 | C31: 5 | D31: 6.5 | E31: offers raise avg ticket
A32: Rewarded impressions / DAU (after U3) | B32: 0.5 | C32: 0.8 | D32: 1.15 | E32: mature LiveOps opt-in
A33: Interstitial impr/DAU (after U3) | B33: 3.2 | C33: 4 | D33: 4.8 | E33: same as U2

Sheet Model
A1: ARPDAU decomposition — BEFORE vs AFTER updates (formulas reference Assumptions!)
A2: Rows = revenue components; column blocks = scenarios. Cannibalization visible: interstitial ARPDAU falls U2+, total still rises.
A4: Revenue component ($ ARPDAU) | B4: Pessimistic | F4: Base | J4: Optimistic
B5: BEFORE (ads-only) | C5: AFTER U1 (economy) | D5: AFTER U2 (remove-ads) | E5: AFTER U3 (offers) | F5: BEFORE (ads-only) | G5: AFTER U1 (economy) | H5: AFTER U2 (remove-ads) | I5: AFTER U3 (offers) | J5: BEFORE (ads-only) | K5: AFTER U1 (economy) | L5: AFTER U2 (remove-ads) | M5: AFTER U3 (offers)
A6: Interstitial ARPDAU | B6: =(Assumptions!B12)*(Assumptions!B13)/1000 | C6: =(Assumptions!B19)*(Assumptions!B13)/1000 | D6: =(Assumptions!B23)*(1-Assumptions!B28)*(Assumptions!B13)/1000 | E6: =(Assumptions!B33)*(1-Assumptions!B28)*(Assumptions!B13)/1000 | F6: =(Assumptions!C12)*(Assumptions!C13)/1000 | G6: =(Assumptions!C19)*(Assumptions!C13)/1000 | H6: =(Assumptions!C23)*(1-Assumptions!C28)*(Assumptions!C13)/1000 | I6: =(Assumptions!C33)*(1-Assumptions!C28)*(Assumptions!C13)/1000 | J6: =(Assumptions!D12)*(Assumptions!D13)/1000 | K6: =(Assumptions!D19)*(Assumptions!D13)/1000 | L6: =(Assumptions!D23)*(1-Assumptions!D28)*(Assumptions!D13)/1000 | M6: =(Assumptions!D33)*(1-Assumptions!D28)*(Assumptions!D13)/1000
A7: Rewarded ARPDAU | B7: =(Assumptions!B14)*(Assumptions!B15)/1000 | C7: =(Assumptions!B18)*(Assumptions!B15)/1000 | D7: =(Assumptions!B25)*(Assumptions!B15)/1000 | E7: =(Assumptions!B32)*(Assumptions!B15)/1000 | F7: =(Assumptions!C14)*(Assumptions!C15)/1000 | G7: =(Assumptions!C18)*(Assumptions!C15)/1000 | H7: =(Assumptions!C25)*(Assumptions!C15)/1000 | I7: =(Assumptions!C32)*(Assumptions!C15)/1000 | J7: =(Assumptions!D14)*(Assumptions!D15)/1000 | K7: =(Assumptions!D18)*(Assumptions!D15)/1000 | L7: =(Assumptions!D25)*(Assumptions!D15)/1000 | M7: =(Assumptions!D32)*(Assumptions!D15)/1000
A8: Banner ARPDAU | B8: =Assumptions!B16 | C8: =Assumptions!B16 | D8: =Assumptions!B16 | E8: =Assumptions!B16 | F8: =Assumptions!C16 | G8: =Assumptions!C16 | H8: =Assumptions!C16 | I8: =Assumptions!C16 | J8: =Assumptions!D16 | K8: =Assumptions!D16 | L8: =Assumptions!D16 | M8: =Assumptions!D16
A9: =Ad ARPDAU (subtotal) | B9: =B6+B7+B8 | C9: =C6+C7+C8 | D9: =D6+D7+D8 | E9: =E6+E7+E8 | F9: =F6+F7+F8 | G9: =G6+G7+G8 | H9: =H6+H7+H8 | I9: =I6+I7+I8 | ... M9: =M6+M7+M8
A10: IAP ARPDAU (coin packs + offers) | B10: 0 | C10: =(Assumptions!B20)*(Assumptions!B21) | D10: =(Assumptions!B20)*(Assumptions!B21) | E10: =(Assumptions!B30)*(Assumptions!B31) | F10: 0 | G10: =(Assumptions!C20)*(Assumptions!C21) | H10: =(Assumptions!C20)*(Assumptions!C21) | I10: =(Assumptions!C30)*(Assumptions!C31) | J10: 0 | K10: =(Assumptions!D20)*(Assumptions!D21) | L10: =(Assumptions!D20)*(Assumptions!D21) | M10: =(Assumptions!D30)*(Assumptions!D31)
A11: Remove-ads ARPDAU | B11: 0 | C11: 0 | D11: =(Assumptions!B27)*(Assumptions!B26) | E11: =(Assumptions!B27)*(Assumptions!B26) | F11: 0 | G11: 0 | H11: =(Assumptions!C27)*(Assumptions!C26) | I11: =(Assumptions!C27)*(Assumptions!C26) | J11: 0 | K11: 0 | L11: =(Assumptions!D27)*(Assumptions!D26) | M11: =(Assumptions!D27)*(Assumptions!D26)
A12: =IAP ARPDAU (subtotal) | B12: =B10+B11 | C12: =C10+C11 | D12: =D10+D11 | E12: =E10+E11 | F12: =F10+F11 | G12: =G10+G11 | H12: =H10+H11 | I12: =I10+I11 | ... M12: =M10+M11
A13: TOTAL ARPDAU (ad + IAP) | B13: =B9+B12 | C13: =C9+C12 | D13: =D9+D12 | E13: =E9+E12 | F13: =F9+F12 | G13: =G9+G12 | H13: =H9+H12 | I13: =I9+I12 | ... M13: =M9+M12
A15: Cannibalization check
A16: Interstitial ARPDAU vs BEFORE ($) | B16: =B6-B6 | C16: =C6-B6 | D16: =D6-B6 | E16: =E6-B6 | F16: =F6-F6 | G16: =G6-F6 | H16: =H6-F6 | I16: =I6-F6 | J16: =J6-J6 | K16: =K6-J6 | L16: =L6-J6 | M16: =M6-J6
A17: Total ARPDAU vs BEFORE ($) | B17: =B13-B13 | C17: =C13-B13 | D17: =D13-B13 | E17: =E13-B13 | F17: =F13-F13 | G17: =G13-F13 | H17: =H13-F13 | I17: =I13-F13 | J17: =J13-J13 | K17: =K13-J13 | L17: =L13-J13 | M17: =M13-J13
A18: Total ARPDAU vs BEFORE (%) | B18: =IF(B13=0,0,(B13-B13)/B13) | C18: =IF(B13=0,0,(C13-B13)/B13) | D18: =IF(B13=0,0,(D13-B13)/B13) | E18: =IF(B13=0,0,(E13-B13)/B13) | F18: =IF(F13=0,0,(F13-F13)/F13) | G18: =IF(F13=0,0,(G13-F13)/F13) | H18: =IF(F13=0,0,(H13-F13)/F13) | I18: =IF(F13=0,0,(I13-F13)/F13) | J18: =IF(J13=0,0,(J13-J13)/J13) | K18: =IF(J13=0,0,(K13-J13)/J13) | L18: =IF(J13=0,0,(L13-J13)/J13) | M18: =IF(J13=0,0,(M13-J13)/J13)

Sheet Revenue
A1: Monthly revenue ($) = TOTAL ARPDAU x DAU x 30
A2: Base scenario shown in full; pess/opt totals summarized. DAU pulled from Assumptions.
A4: Scenario | B4: BEFORE (ads-only) | C4: AFTER U1 | D4: AFTER U2 | E4: AFTER U3 | F4: U3 uplift vs BEFORE
A5: Pessimistic | B5: =Model!B13*Assumptions!B6*30 | C5: =Model!C13*Assumptions!B6*30 | D5: =Model!D13*Assumptions!B6*30 | E5: =Model!E13*Assumptions!B6*30 | F5: =Model!E13*Assumptions!B6*30 - Model!B13*Assumptions!B6*30
A6: Base | B6: =Model!F13*Assumptions!C6*30 | C6: =Model!G13*Assumptions!C6*30 | D6: =Model!H13*Assumptions!C6*30 | E6: =Model!I13*Assumptions!C6*30 | F6: =Model!I13*Assumptions!C6*30 - Model!F13*Assumptions!C6*30
A7: Optimistic | B7: =Model!J13*Assumptions!D6*30 | C7: =Model!K13*Assumptions!D6*30 | D7: =Model!L13*Assumptions!D6*30 | E7: =Model!M13*Assumptions!D6*30 | F7: =Model!M13*Assumptions!D6*30 - Model!J13*Assumptions!D6*30
A9: Rollout timeline (base): BEFORE = month 0; U1 live ~M1; U2 ~M2 (parallel-capable); U3 ~M3-4. Ramp not modeled — steady-state ARPDAU per state.
