Workbook

Sheet Model
A1: Difficulty-score model — weights on normalized P1..P8
A3: param | B3: weight | C3: norm_min | D3: norm_max | E3: note
A4: FLOOR | B4: 0.0765 | E4: score floor (tutorial baseline)
A5: P1_words | B5: 3.2901 | C5: 1 | D5: 5 | E5: number of words (coarse length lever)
A6: P2_wordlen | B6: 0.9 | C6: 4 | D6: 8 | E6: max word length
A7: P3_zipf | B7: 0.1 | C7: 1 | D7: 6 | E7: rarity band (1 common .. 6 rare)
A8: P4_scramble | B8: 2.3472 | C8: 0 | D8: 1 | E8: scramble score (already 0..1)
A9: P5_traps | B9: 0.3521 | C9: 0 | D9: 2 | E9: trap anagrams
A10: P6_answerlen | B10: 0.3329 | C10: 3 | D10: 14 | E10: answer letters
A11: P7_pun | B11: 0.6035 | C11: 0 | D11: 1 | E11: pun type encoded
A12: P8_opacity | B12: 0.1 | C12: 1 | D12: 5 | E12: cartoon transparency, used inverted (5-P8)/4
A15: pun_type encoding
A17: direct | B17: 0
A18: idiom | B18: 0.33
A19: homophone | B19: 0.66
A20: Score formula (per Table row): FLOOR + Σ weight_i · normalized(P_i) | B20: 1

Sheet Table
A1: level | B1: words_count | C1: word_len_min | D1: word_len_max | E1: zipf_band | F1: scramble_score | G1: trap_anagrams | H1: answer_letters | I1: answer_words | J1: pun_type | K1: cartoon_transparency | L1: free_hint_worth | M1: target_solve_time_sec | N1: target_hint_usage_pct | O1: difficulty_score | P1: curve_role | Q1: notes
A2: 1 | B2: 1 | C2: 4 | D2: 4 | E2: 1 | F2: 0.33 | G2: 0 | H2: 3 | I2: 1 | J2: direct | K2: 5 | L2: 4 | M2: 25 | N2: 3 | O2: =Model!$B$4+Model!$B$5*((B2-1)/4)+Model!$B$6*((D2-4)/4)+Model!$B$7*((E2-1)/5)+Model!$B$8*(F2)+Model!$B$9*((G2)/2)+Model!$B$10*((H2-3)/11)+Model!$B$11*(IF(J2="double-layer",1,IF(J2="homophone",0.66,IF(J2="idiom",0.33,0))))+Model!$B$12*((5-K2)/4) | P2: milestone | Q2: Tutorial floor: 1 word, top lexicon, no traps, direct pun
A3: 2 | B3: 1 | C3: 4 | D3: 4 | E3: 1 | F3: 0.3 | G3: 0 | H3: 3 | I3: 1 | J3: direct | K3: 5 | L3: 4 | M3: 23 | N3: 3 | O3: =Model!$B$4+Model!$B$5*((B3-1)/4)+Model!$B$6*((D3-4)/4)+Model!$B$7*((E3-1)/5)+Model!$B$8*(F3)+Model!$B$9*((G3)/2)+Model!$B$10*((H3-3)/11)+Model!$B$11*(IF(J3="double-layer",1,IF(J3="homophone",0.66,IF(J3="idiom",0.33,0))))+Model!$B$12*((5-K3)/4) | P3: ramp
A4: 3 | B4: 1 | C4: 4 | D4: 4 | E4: 1 | F4: 0.33 | G4: 0 | H4: 3 | I4: 1 | J4: direct | K4: 5 | L4: 4 | M4: 25 | N4: 3 | O4: =Model!$B$4+Model!$B$5*((B4-1)/4)+Model!$B$6*((D4-4)/4)+Model!$B$7*((E4-1)/5)+Model!$B$8*(F4)+Model!$B$9*((G4)/2)+Model!$B$10*((H4-3)/11)+Model!$B$11*(IF(J4="double-layer",1,IF(J4="homophone",0.66,IF(J4="idiom",0.33,0))))+Model!$B$12*((5-K4)/4) | P4: ramp
A5: 4 | B5: 1 | C5: 4 | D5: 4 | E5: 1 | F5: 0.36 | G5: 0 | H5: 3 | I5: 1 | J5: direct | K5: 5 | L5: 4 | M5: 27 | N5: 3 | O5: =Model!$B$4+Model!$B$5*((B5-1)/4)+Model!$B$6*((D5-4)/4)+Model!$B$7*((E5-1)/5)+Model!$B$8*(F5)+Model!$B$9*((G5)/2)+Model!$B$10*((H5-3)/11)+Model!$B$11*(IF(J5="double-layer",1,IF(J5="homophone",0.66,IF(J5="idiom",0.33,0))))+Model!$B$12*((5-K5)/4) | P5: ramp
A6: 5 | B6: 1 | C6: 4 | D6: 4 | E6: 2 | F6: 0.36 | G6: 0 | H6: 3 | I6: 1 | J6: direct | K6: 5 | L6: 5 | M6: 28 | N6: 3 | O6: =Model!$B$4+Model!$B$5*((B6-1)/4)+Model!$B$6*((D6-4)/4)+Model!$B$7*((E6-1)/5)+Model!$B$8*(F6)+Model!$B$9*((G6)/2)+Model!$B$10*((H6-3)/11)+Model!$B$11*(IF(J6="double-layer",1,IF(J6="homophone",0.66,IF(J6="idiom",0.33,0))))+Model!$B$12*((5-K6)/4) | P6: ramp
A7: 6 | B7: 1 | C7: 4 | D7: 4 | E7: 2 | F7: 0.3 | G7: 0 | H7: 3 | I7: 1 | J7: direct | K7: 5 | L7: 5 | M7: 24 | N7: 3 | O7: =Model!$B$4+Model!$B$5*((B7-1)/4)+Model!$B$6*((D7-4)/4)+Model!$B$7*((E7-1)/5)+Model!$B$8*(F7)+Model!$B$9*((G7)/2)+Model!$B$10*((H7-3)/11)+Model!$B$11*(IF(J7="double-layer",1,IF(J7="homophone",0.66,IF(J7="idiom",0.33,0))))+Model!$B$12*((5-K7)/4) | P7: ramp
A8: 7 | B8: 2 | C8: 4 | D8: 4 | E8: 2 | F8: 0.33 | G8: 0 | H8: 3 | I8: 1 | J8: direct | K8: 5 | L8: 5 | M8: 50 | N8: 11 | O8: =Model!$B$4+Model!$B$5*((B8-1)/4)+Model!$B$6*((D8-4)/4)+Model!$B$7*((E8-1)/5)+Model!$B$8*(F8)+Model!$B$9*((G8)/2)+Model!$B$10*((H8-3)/11)+Model!$B$11*(IF(J8="double-layer",1,IF(J8="homophone",0.66,IF(J8="idiom",0.33,0))))+Model!$B$12*((5-K8)/4) | P8: ramp
A9: 8 | B9: 2 | C9: 4 | D9: 4 | E9: 2 | F9: 0.33 | G9: 0 | H9: 3 | I9: 1 | J9: direct | K9: 5 | L9: 5 | M9: 50 | N9: 11 | O9: =Model!$B$4+Model!$B$5*((B9-1)/4)+Model!$B$6*((D9-4)/4)+Model!$B$7*((E9-1)/5)+Model!$B$8*(F9)+Model!$B$9*((G9)/2)+Model!$B$10*((H9-3)/11)+Model!$B$11*(IF(J9="double-layer",1,IF(J9="homophone",0.66,IF(J9="idiom",0.33,0))))+Model!$B$12*((5-K9)/4) | P9: ramp
A10: 9 | B10: 2 | C10: 4 | D10: 4 | E10: 2 | F10: 0.33 | G10: 0 | H10: 4 | I10: 1 | J10: direct | K10: 4 | L10: 5 | M10: 51 | N10: 11 | O10: =Model!$B$4+Model!$B$5*((B10-1)/4)+Model!$B$6*((D10-4)/4)+Model!$B$7*((E10-1)/5)+Model!$B$8*(F10)+Model!$B$9*((G10)/2)+Model!$B$10*((H10-3)/11)+Model!$B$11*(IF(J10="double-layer",1,IF(J10="homophone",0.66,IF(J10="idiom",0.33,0))))+Model!$B$12*((5-K10)/4) | P10: ramp
A11: 10 | B11: 2 | C11: 4 | D11: 4 | E11: 2 | F11: 0.4 | G11: 0 | H11: 4 | I11: 1 | J11: direct | K11: 4 | L11: 5 | M11: 56 | N11: 13 | O11: =Model!$B$4+Model!$B$5*((B11-1)/4)+Model!$B$6*((D11-4)/4)+Model!$B$7*((E11-1)/5)+Model!$B$8*(F11)+Model!$B$9*((G11)/2)+Model!$B$10*((H11-3)/11)+Model!$B$11*(IF(J11="double-layer",1,IF(J11="homophone",0.66,IF(J11="idiom",0.33,0))))+Model!$B$12*((5-K11)/4) | P11: spike | Q11: SPIKE: first full 3-word warmup pressure; scramble sawtooth peaks
A12: 11 | B12: 2 | C12: 4 | D12: 4 | E12: 2 | F12: 0.27 | G12: 0 | H12: 4 | I12: 1 | J12: direct | K12: 4 | L12: 5 | M12: 47 | N12: 10 | O12: =Model!$B$4+Model!$B$5*((B12-1)/4)+Model!$B$6*((D12-4)/4)+Model!$B$7*((E12-1)/5)+Model!$B$8*(F12)+Model!$B$9*((G12)/2)+Model!$B$10*((H12-3)/11)+Model!$B$11*(IF(J12="double-layer",1,IF(J12="homophone",0.66,IF(J12="idiom",0.33,0))))+Model!$B$12*((5-K12)/4) | P12: relief | Q12: Relief: easier scramble after the spike (breather)
A13: 12 | B13: 2 | C13: 4 | D13: 4 | E13: 2 | F13: 0.33 | G13: 0 | H13: 4 | I13: 1 | J13: direct | K13: 4 | L13: 5 | M13: 51 | N13: 11 | O13: =Model!$B$4+Model!$B$5*((B13-1)/4)+Model!$B$6*((D13-4)/4)+Model!$B$7*((E13-1)/5)+Model!$B$8*(F13)+Model!$B$9*((G13)/2)+Model!$B$10*((H13-3)/11)+Model!$B$11*(IF(J13="double-layer",1,IF(J13="homophone",0.66,IF(J13="idiom",0.33,0))))+Model!$B$12*((5-K13)/4) | P13: ramp | Q13: ANCHOR (=prototype v12); pinned P1-P8
A14: 13 | B14: 2 | C14: 4 | D14: 4 | E14: 2 | F14: 0.34 | G14: 0 | H14: 4 | I14: 1 | J14: direct | K14: 4 | L14: 5 | M14: 52 | N14: 12 | O14: =Model!$B$4+Model!$B$5*((B14-1)/4)+Model!$B$6*((D14-4)/4)+Model!$B$7*((E14-1)/5)+Model!$B$8*(F14)+Model!$B$9*((G14)/2)+Model!$B$10*((H14-3)/11)+Model!$B$11*(IF(J14="double-layer",1,IF(J14="homophone",0.66,IF(J14="idiom",0.33,0))))+Model!$B$12*((5-K14)/4) | P14: ramp
A15: 14 | B15: 2 | C15: 4 | D15: 4 | E15: 2 | F15: 0.38 | G15: 0 | H15: 4 | I15: 1 | J15: direct | K15: 4 | L15: 5 | M15: 55 | N15: 13 | O15: =Model!$B$4+Model!$B$5*((B15-1)/4)+Model!$B$6*((D15-4)/4)+Model!$B$7*((E15-1)/5)+Model!$B$8*(F15)+Model!$B$9*((G15)/2)+Model!$B$10*((H15-3)/11)+Model!$B$11*(IF(J15="double-layer",1,IF(J15="homophone",0.66,IF(J15="idiom",0.33,0))))+Model!$B$12*((5-K15)/4) | P15: ramp
A16: 15 | B16: 2 | C16: 4 | D16: 4 | E16: 2 | F16: 0.39 | G16: 0 | H16: 4 | I16: 1 | J16: direct | K16: 4 | L16: 5 | M16: 55 | N16: 13 | O16: =Model!$B$4+Model!$B$5*((B16-1)/4)+Model!$B$6*((D16-4)/4)+Model!$B$7*((E16-1)/5)+Model!$B$8*(F16)+Model!$B$9*((G16)/2)+Model!$B$10*((H16-3)/11)+Model!$B$11*(IF(J16="double-layer",1,IF(J16="homophone",0.66,IF(J16="idiom",0.33,0))))+Model!$B$12*((5-K16)/4) | P16: ramp
A17: 16 | B17: 2 | C17: 4 | D17: 4 | E17: 3 | F17: 0.34 | G17: 0 | H17: 4 | I17: 1 | J17: direct | K17: 4 | L17: 5 | M17: 53 | N17: 12 | O17: =Model!$B$4+Model!$B$5*((B17-1)/4)+Model!$B$6*((D17-4)/4)+Model!$B$7*((E17-1)/5)+Model!$B$8*(F17)+Model!$B$9*((G17)/2)+Model!$B$10*((H17-3)/11)+Model!$B$11*(IF(J17="double-layer",1,IF(J17="homophone",0.66,IF(J17="idiom",0.33,0))))+Model!$B$12*((5-K17)/4) | P17: ramp
A18: 17 | B18: 2 | C18: 4 | D18: 4 | E18: 3 | F18: 0.38 | G18: 0 | H18: 4 | I18: 1 | J18: direct | K18: 4 | L18: 5 | M18: 55 | N18: 13 | O18: =Model!$B$4+Model!$B$5*((B18-1)/4)+Model!$B$6*((D18-4)/4)+Model!$B$7*((E18-1)/5)+Model!$B$8*(F18)+Model!$B$9*((G18)/2)+Model!$B$10*((H18-3)/11)+Model!$B$11*(IF(J18="double-layer",1,IF(J18="homophone",0.66,IF(J18="idiom",0.33,0))))+Model!$B$12*((5-K18)/4) | P18: ramp
A19: 18 | B19: 2 | C19: 4 | D19: 4 | E19: 3 | F19: 0.4 | G19: 0 | H19: 4 | I19: 1 | J19: direct | K19: 4 | L19: 6 | M19: 57 | N19: 14 | O19: =Model!$B$4+Model!$B$5*((B19-1)/4)+Model!$B$6*((D19-4)/4)+Model!$B$7*((E19-1)/5)+Model!$B$8*(F19)+Model!$B$9*((G19)/2)+Model!$B$10*((H19-3)/11)+Model!$B$11*(IF(J19="double-layer",1,IF(J19="homophone",0.66,IF(J19="idiom",0.33,0))))+Model!$B$12*((5-K19)/4) | P19: ramp
A20: 19 | B20: 2 | C20: 4 | D20: 4 | E20: 3 | F20: 0.41 | G20: 0 | H20: 4 | I20: 1 | J20: direct | K20: 4 | L20: 6 | M20: 57 | N20: 14 | O20: =Model!$B$4+Model!$B$5*((B20-1)/4)+Model!$B$6*((D20-4)/4)+Model!$B$7*((E20-1)/5)+Model!$B$8*(F20)+Model!$B$9*((G20)/2)+Model!$B$10*((H20-3)/11)+Model!$B$11*(IF(J20="double-layer",1,IF(J20="homophone",0.66,IF(J20="idiom",0.33,0))))+Model!$B$12*((5-K20)/4) | P20: ramp
A21: 20 | B21: 2 | C21: 4 | D21: 4 | E21: 3 | F21: 0.49 | G21: 0 | H21: 4 | I21: 1 | J21: homophone | K21: 4 | L21: 6 | M21: 75 | N21: 21 | O21: =Model!$B$4+Model!$B$5*((B21-1)/4)+Model!$B$6*((D21-4)/4)+Model!$B$7*((E21-1)/5)+Model!$B$8*(F21)+Model!$B$9*((G21)/2)+Model!$B$10*((H21-3)/11)+Model!$B$11*(IF(J21="double-layer",1,IF(J21="homophone",0.66,IF(J21="idiom",0.33,0))))+Model!$B$12*((5-K21)/4) | P21: spike | Q21: SPIKE: first homophone pun locks in as the block standard
A22: 21 | B22: 2 | C22: 4 | D22: 4 | E22: 3 | F22: 0.37 | G22: 0 | H22: 4 | I22: 1 | J22: homophone | K22: 4 | L22: 6 | M22: 66 | N22: 18 | O22: =Model!$B$4+Model!$B$5*((B22-1)/4)+Model!$B$6*((D22-4)/4)+Model!$B$7*((E22-1)/5)+Model!$B$8*(F22)+Model!$B$9*((G22)/2)+Model!$B$10*((H22-3)/11)+Model!$B$11*(IF(J22="double-layer",1,IF(J22="homophone",0.66,IF(J22="idiom",0.33,0))))+Model!$B$12*((5-K22)/4) | P22: relief | Q22: Relief: easier scramble after the spike (breather)
A23: 22 | B23: 2 | C23: 4 | D23: 4 | E23: 3 | F23: 0.41 | G23: 0 | H23: 4 | I23: 1 | J23: homophone | K23: 4 | L23: 6 | M23: 69 | N23: 19 | O23: =Model!$B$4+Model!$B$5*((B23-1)/4)+Model!$B$6*((D23-4)/4)+Model!$B$7*((E23-1)/5)+Model!$B$8*(F23)+Model!$B$9*((G23)/2)+Model!$B$10*((H23-3)/11)+Model!$B$11*(IF(J23="double-layer",1,IF(J23="homophone",0.66,IF(J23="idiom",0.33,0))))+Model!$B$12*((5-K23)/4) | P23: ramp
A24: 23 | B24: 2 | C24: 4 | D24: 4 | E24: 3 | F24: 0.45 | G24: 0 | H24: 4 | I24: 1 | J24: homophone | K24: 4 | L24: 6 | M24: 72 | N24: 20 | O24: =Model!$B$4+Model!$B$5*((B24-1)/4)+Model!$B$6*((D24-4)/4)+Model!$B$7*((E24-1)/5)+Model!$B$8*(F24)+Model!$B$9*((G24)/2)+Model!$B$10*((H24-3)/11)+Model!$B$11*(IF(J24="double-layer",1,IF(J24="homophone",0.66,IF(J24="idiom",0.33,0))))+Model!$B$12*((5-K24)/4) | P24: ramp | Q24: ANCHOR (=prototype v23); pinned P1-P8
A25: 24 | B25: 2 | C25: 4 | D25: 4 | E25: 3 | F25: 0.49 | G25: 0 | H25: 4 | I25: 1 | J25: homophone | K25: 4 | L25: 6 | M25: 75 | N25: 21 | O25: =Model!$B$4+Model!$B$5*((B25-1)/4)+Model!$B$6*((D25-4)/4)+Model!$B$7*((E25-1)/5)+Model!$B$8*(F25)+Model!$B$9*((G25)/2)+Model!$B$10*((H25-3)/11)+Model!$B$11*(IF(J25="double-layer",1,IF(J25="homophone",0.66,IF(J25="idiom",0.33,0))))+Model!$B$12*((5-K25)/4) | P25: ramp
A26: 25 | B26: 2 | C26: 4 | D26: 4 | E26: 3 | F26: 0.51 | G26: 0 | H26: 5 | I26: 1 | J26: homophone | K26: 4 | L26: 6 | M26: 77 | N26: 22 | O26: =Model!$B$4+Model!$B$5*((B26-1)/4)+Model!$B$6*((D26-4)/4)+Model!$B$7*((E26-1)/5)+Model!$B$8*(F26)+Model!$B$9*((G26)/2)+Model!$B$10*((H26-3)/11)+Model!$B$11*(IF(J26="double-layer",1,IF(J26="homophone",0.66,IF(J26="idiom",0.33,0))))+Model!$B$12*((5-K26)/4) | P26: ramp
A27: 26 | B27: 2 | C27: 4 | D27: 4 | E27: 3 | F27: 0.46 | G27: 0 | H27: 5 | I27: 1 | J27: homophone | K27: 4 | L27: 6 | M27: 73 | N27: 20 | O27: =Model!$B$4+Model!$B$5*((B27-1)/4)+Model!$B$6*((D27-4)/4)+Model!$B$7*((E27-1)/5)+Model!$B$8*(F27)+Model!$B$9*((G27)/2)+Model!$B$10*((H27-3)/11)+Model!$B$11*(IF(J27="double-layer",1,IF(J27="homophone",0.66,IF(J27="idiom",0.33,0))))+Model!$B$12*((5-K27)/4) | P27: ramp
A28: 27 | B28: 2 | C28: 4 | D28: 4 | E28: 4 | F28: 0.5 | G28: 0 | H28: 6 | I28: 1 | J28: homophone | K28: 4 | L28: 6 | M28: 78 | N28: 22 | O28: =Model!$B$4+Model!$B$5*((B28-1)/4)+Model!$B$6*((D28-4)/4)+Model!$B$7*((E28-1)/5)+Model!$B$8*(F28)+Model!$B$9*((G28)/2)+Model!$B$10*((H28-3)/11)+Model!$B$11*(IF(J28="double-layer",1,IF(J28="homophone",0.66,IF(J28="idiom",0.33,0))))+Model!$B$12*((5-K28)/4) | P28: ramp
A29: 28 | B29: 2 | C29: 4 | D29: 4 | E29: 4 | F29: 0.52 | G29: 0 | H29: 6 | I29: 1 | J29: homophone | K29: 4 | L29: 6 | M29: 79 | N29: 23 | O29: =Model!$B$4+Model!$B$5*((B29-1)/4)+Model!$B$6*((D29-4)/4)+Model!$B$7*((E29-1)/5)+Model!$B$8*(F29)+Model!$B$9*((G29)/2)+Model!$B$10*((H29-3)/11)+Model!$B$11*(IF(J29="double-layer",1,IF(J29="homophone",0.66,IF(J29="idiom",0.33,0))))+Model!$B$12*((5-K29)/4) | P29: ramp
A30: 29 | B30: 2 | C30: 4 | D30: 4 | E30: 4 | F30: 0.53 | G30: 0 | H30: 7 | I30: 2 | J30: homophone | K30: 4 | L30: 6 | M30: 81 | N30: 23 | O30: =Model!$B$4+Model!$B$5*((B30-1)/4)+Model!$B$6*((D30-4)/4)+Model!$B$7*((E30-1)/5)+Model!$B$8*(F30)+Model!$B$9*((G30)/2)+Model!$B$10*((H30-3)/11)+Model!$B$11*(IF(J30="double-layer",1,IF(J30="homophone",0.66,IF(J30="idiom",0.33,0))))+Model!$B$12*((5-K30)/4) | P30: ramp
A31: 30 | B31: 2 | C31: 4 | D31: 4 | E31: 4 | F31: 0.62 | G31: 0 | H31: 7 | I31: 2 | J31: homophone | K31: 4 | L31: 6 | M31: 87 | N31: 26 | O31: =Model!$B$4+Model!$B$5*((B31-1)/4)+Model!$B$6*((D31-4)/4)+Model!$B$7*((E31-1)/5)+Model!$B$8*(F31)+Model!$B$9*((G31)/2)+Model!$B$10*((H31-3)/11)+Model!$B$11*(IF(J31="double-layer",1,IF(J31="homophone",0.66,IF(J31="idiom",0.33,0))))+Model!$B$12*((5-K31)/4) | P31: spike | Q31: SPIKE: approach to first 2-word answer; traps loom
A32: 31 | B32: 2 | C32: 4 | D32: 5 | E32: 4 | F32: 0.5 | G32: 1 | H32: 7 | I32: 2 | J32: homophone | K32: 3 | L32: 6 | M32: 91 | N32: 28 | O32: =Model!$B$4+Model!$B$5*((B32-1)/4)+Model!$B$6*((D32-4)/4)+Model!$B$7*((E32-1)/5)+Model!$B$8*(F32)+Model!$B$9*((G32)/2)+Model!$B$10*((H32-3)/11)+Model!$B$11*(IF(J32="double-layer",1,IF(J32="homophone",0.66,IF(J32="idiom",0.33,0))))+Model!$B$12*((5-K32)/4) | P32: relief | Q32: Relief: easier scramble after the spike (breather)
A33: 32 | B33: 2 | C33: 4 | D33: 5 | E33: 4 | F33: 0.54 | G33: 1 | H33: 8 | I33: 2 | J33: homophone | K33: 3 | L33: 6 | M33: 95 | N33: 29 | O33: =Model!$B$4+Model!$B$5*((B33-1)/4)+Model!$B$6*((D33-4)/4)+Model!$B$7*((E33-1)/5)+Model!$B$8*(F33)+Model!$B$9*((G33)/2)+Model!$B$10*((H33-3)/11)+Model!$B$11*(IF(J33="double-layer",1,IF(J33="homophone",0.66,IF(J33="idiom",0.33,0))))+Model!$B$12*((5-K33)/4) | P33: ramp
A34: 33 | B34: 2 | C34: 4 | D34: 5 | E34: 4 | F34: 0.59 | G34: 1 | H34: 8 | I34: 2 | J34: homophone | K34: 3 | L34: 6 | M34: 98 | N34: 31 | O34: =Model!$B$4+Model!$B$5*((B34-1)/4)+Model!$B$6*((D34-4)/4)+Model!$B$7*((E34-1)/5)+Model!$B$8*(F34)+Model!$B$9*((G34)/2)+Model!$B$10*((H34-3)/11)+Model!$B$11*(IF(J34="double-layer",1,IF(J34="homophone",0.66,IF(J34="idiom",0.33,0))))+Model!$B$12*((5-K34)/4) | P34: ramp
A35: 34 | B35: 2 | C35: 4 | D35: 5 | E35: 4 | F35: 0.6 | G35: 1 | H35: 9 | I35: 2 | J35: homophone | K35: 3 | L35: 7 | M35: 100 | N35: 31 | O35: =Model!$B$4+Model!$B$5*((B35-1)/4)+Model!$B$6*((D35-4)/4)+Model!$B$7*((E35-1)/5)+Model!$B$8*(F35)+Model!$B$9*((G35)/2)+Model!$B$10*((H35-3)/11)+Model!$B$11*(IF(J35="double-layer",1,IF(J35="homophone",0.66,IF(J35="idiom",0.33,0))))+Model!$B$12*((5-K35)/4) | P35: spike | Q35: ANCHOR (=prototype v34); pinned P1-P8
A36: 35 | B36: 2 | C36: 4 | D36: 5 | E36: 4 | F36: 0.61 | G36: 1 | H36: 9 | I36: 2 | J36: homophone | K36: 3 | L36: 7 | M36: 100 | N36: 31 | O36: =Model!$B$4+Model!$B$5*((B36-1)/4)+Model!$B$6*((D36-4)/4)+Model!$B$7*((E36-1)/5)+Model!$B$8*(F36)+Model!$B$9*((G36)/2)+Model!$B$10*((H36-3)/11)+Model!$B$11*(IF(J36="double-layer",1,IF(J36="homophone",0.66,IF(J36="idiom",0.33,0))))+Model!$B$12*((5-K36)/4) | P36: ramp
A37: 36 | B37: 2 | C37: 4 | D37: 5 | E37: 4 | F37: 0.52 | G37: 1 | H37: 8 | I37: 2 | J37: homophone | K37: 3 | L37: 7 | M37: 93 | N37: 29 | O37: =Model!$B$4+Model!$B$5*((B37-1)/4)+Model!$B$6*((D37-4)/4)+Model!$B$7*((E37-1)/5)+Model!$B$8*(F37)+Model!$B$9*((G37)/2)+Model!$B$10*((H37-3)/11)+Model!$B$11*(IF(J37="double-layer",1,IF(J37="homophone",0.66,IF(J37="idiom",0.33,0))))+Model!$B$12*((5-K37)/4) | P37: ramp
A38: 37 | B38: 2 | C38: 4 | D38: 5 | E38: 4 | F38: 0.53 | G38: 1 | H38: 8 | I38: 2 | J38: homophone | K38: 3 | L38: 7 | M38: 94 | N38: 29 | O38: =Model!$B$4+Model!$B$5*((B38-1)/4)+Model!$B$6*((D38-4)/4)+Model!$B$7*((E38-1)/5)+Model!$B$8*(F38)+Model!$B$9*((G38)/2)+Model!$B$10*((H38-3)/11)+Model!$B$11*(IF(J38="double-layer",1,IF(J38="homophone",0.66,IF(J38="idiom",0.33,0))))+Model!$B$12*((5-K38)/4) | P38: ramp
A39: 38 | B39: 2 | C39: 4 | D39: 5 | E39: 4 | F39: 0.5 | G39: 1 | H39: 8 | I39: 2 | J39: homophone | K39: 3 | L39: 7 | M39: 92 | N39: 28 | O39: =Model!$B$4+Model!$B$5*((B39-1)/4)+Model!$B$6*((D39-4)/4)+Model!$B$7*((E39-1)/5)+Model!$B$8*(F39)+Model!$B$9*((G39)/2)+Model!$B$10*((H39-3)/11)+Model!$B$11*(IF(J39="double-layer",1,IF(J39="homophone",0.66,IF(J39="idiom",0.33,0))))+Model!$B$12*((5-K39)/4) | P39: ramp
A40: 39 | B40: 2 | C40: 4 | D40: 5 | E40: 4 | F40: 0.48 | G40: 1 | H40: 8 | I40: 2 | J40: homophone | K40: 3 | L40: 7 | M40: 91 | N40: 27 | O40: =Model!$B$4+Model!$B$5*((B40-1)/4)+Model!$B$6*((D40-4)/4)+Model!$B$7*((E40-1)/5)+Model!$B$8*(F40)+Model!$B$9*((G40)/2)+Model!$B$10*((H40-3)/11)+Model!$B$11*(IF(J40="double-layer",1,IF(J40="homophone",0.66,IF(J40="idiom",0.33,0))))+Model!$B$12*((5-K40)/4) | P40: ramp
A41: 40 | B41: 3 | C41: 4 | D41: 4 | E41: 3 | F41: 0.52 | G41: 0 | H41: 7 | I41: 2 | J41: homophone | K41: 4 | L41: 7 | M41: 103 | N41: 33 | O41: =Model!$B$4+Model!$B$5*((B41-1)/4)+Model!$B$6*((D41-4)/4)+Model!$B$7*((E41-1)/5)+Model!$B$8*(F41)+Model!$B$9*((G41)/2)+Model!$B$10*((H41-3)/11)+Model!$B$11*(IF(J41="double-layer",1,IF(J41="homophone",0.66,IF(J41="idiom",0.33,0))))+Model!$B$12*((5-K41)/4) | P41: spike | Q41: SPIKE: 2-word homophone answers now routine; P6 pushes to 9-10
A42: 41 | B42: 3 | C42: 4 | D42: 4 | E42: 3 | F42: 0.37 | G42: 0 | H42: 7 | I42: 2 | J42: homophone | K42: 4 | L42: 7 | M42: 93 | N42: 28 | O42: =Model!$B$4+Model!$B$5*((B42-1)/4)+Model!$B$6*((D42-4)/4)+Model!$B$7*((E42-1)/5)+Model!$B$8*(F42)+Model!$B$9*((G42)/2)+Model!$B$10*((H42-3)/11)+Model!$B$11*(IF(J42="double-layer",1,IF(J42="homophone",0.66,IF(J42="idiom",0.33,0))))+Model!$B$12*((5-K42)/4) | P42: relief | Q42: Relief: easier scramble after the spike (breather)
A43: 42 | B43: 3 | C43: 4 | D43: 4 | E43: 3 | F43: 0.37 | G43: 0 | H43: 7 | I43: 2 | J43: idiom | K43: 4 | L43: 7 | M43: 87 | N43: 26 | O43: =Model!$B$4+Model!$B$5*((B43-1)/4)+Model!$B$6*((D43-4)/4)+Model!$B$7*((E43-1)/5)+Model!$B$8*(F43)+Model!$B$9*((G43)/2)+Model!$B$10*((H43-3)/11)+Model!$B$11*(IF(J43="double-layer",1,IF(J43="homophone",0.66,IF(J43="idiom",0.33,0))))+Model!$B$12*((5-K43)/4) | P43: ramp
A44: 43 | B44: 3 | C44: 4 | D44: 4 | E44: 3 | F44: 0.38 | G44: 0 | H44: 7 | I44: 2 | J44: idiom | K44: 4 | L44: 7 | M44: 88 | N44: 26 | O44: =Model!$B$4+Model!$B$5*((B44-1)/4)+Model!$B$6*((D44-4)/4)+Model!$B$7*((E44-1)/5)+Model!$B$8*(F44)+Model!$B$9*((G44)/2)+Model!$B$10*((H44-3)/11)+Model!$B$11*(IF(J44="double-layer",1,IF(J44="homophone",0.66,IF(J44="idiom",0.33,0))))+Model!$B$12*((5-K44)/4) | P44: ramp
A45: 44 | B45: 3 | C45: 4 | D45: 4 | E45: 3 | F45: 0.38 | G45: 0 | H45: 6 | I45: 2 | J45: idiom | K45: 4 | L45: 7 | M45: 87 | N45: 26 | O45: =Model!$B$4+Model!$B$5*((B45-1)/4)+Model!$B$6*((D45-4)/4)+Model!$B$7*((E45-1)/5)+Model!$B$8*(F45)+Model!$B$9*((G45)/2)+Model!$B$10*((H45-3)/11)+Model!$B$11*(IF(J45="double-layer",1,IF(J45="homophone",0.66,IF(J45="idiom",0.33,0))))+Model!$B$12*((5-K45)/4) | P45: ramp
A46: 45 | B46: 3 | C46: 4 | D46: 4 | E46: 3 | F46: 0.33 | G46: 0 | H46: 6 | I46: 2 | J46: idiom | K46: 4 | L46: 7 | M46: 84 | N46: 25 | O46: =Model!$B$4+Model!$B$5*((B46-1)/4)+Model!$B$6*((D46-4)/4)+Model!$B$7*((E46-1)/5)+Model!$B$8*(F46)+Model!$B$9*((G46)/2)+Model!$B$10*((H46-3)/11)+Model!$B$11*(IF(J46="double-layer",1,IF(J46="homophone",0.66,IF(J46="idiom",0.33,0))))+Model!$B$12*((5-K46)/4) | P46: relief | Q46: ANCHOR (=prototype v45); pinned P1-P8
A47: 46 | B47: 3 | C47: 4 | D47: 4 | E47: 3 | F47: 0.32 | G47: 0 | H47: 6 | I47: 2 | J47: idiom | K47: 4 | L47: 7 | M47: 83 | N47: 24 | O47: =Model!$B$4+Model!$B$5*((B47-1)/4)+Model!$B$6*((D47-4)/4)+Model!$B$7*((E47-1)/5)+Model!$B$8*(F47)+Model!$B$9*((G47)/2)+Model!$B$10*((H47-3)/11)+Model!$B$11*(IF(J47="double-layer",1,IF(J47="homophone",0.66,IF(J47="idiom",0.33,0))))+Model!$B$12*((5-K47)/4) | P47: ramp
A48: 47 | B48: 3 | C48: 4 | D48: 4 | E48: 3 | F48: 0.36 | G48: 0 | H48: 7 | I48: 2 | J48: idiom | K48: 4 | L48: 7 | M48: 87 | N48: 26 | O48: =Model!$B$4+Model!$B$5*((B48-1)/4)+Model!$B$6*((D48-4)/4)+Model!$B$7*((E48-1)/5)+Model!$B$8*(F48)+Model!$B$9*((G48)/2)+Model!$B$10*((H48-3)/11)+Model!$B$11*(IF(J48="double-layer",1,IF(J48="homophone",0.66,IF(J48="idiom",0.33,0))))+Model!$B$12*((5-K48)/4) | P48: ramp
A49: 48 | B49: 3 | C49: 4 | D49: 4 | E49: 3 | F49: 0.38 | G49: 0 | H49: 7 | I49: 2 | J49: idiom | K49: 4 | L49: 7 | M49: 88 | N49: 26 | O49: =Model!$B$4+Model!$B$5*((B49-1)/4)+Model!$B$6*((D49-4)/4)+Model!$B$7*((E49-1)/5)+Model!$B$8*(F49)+Model!$B$9*((G49)/2)+Model!$B$10*((H49-3)/11)+Model!$B$11*(IF(J49="double-layer",1,IF(J49="homophone",0.66,IF(J49="idiom",0.33,0))))+Model!$B$12*((5-K49)/4) | P49: ramp
A50: 49 | B50: 3 | C50: 4 | D50: 5 | E50: 4 | F50: 0.4 | G50: 0 | H50: 8 | I50: 2 | J50: idiom | K50: 4 | L50: 7 | M50: 97 | N50: 30 | O50: =Model!$B$4+Model!$B$5*((B50-1)/4)+Model!$B$6*((D50-4)/4)+Model!$B$7*((E50-1)/5)+Model!$B$8*(F50)+Model!$B$9*((G50)/2)+Model!$B$10*((H50-3)/11)+Model!$B$11*(IF(J50="double-layer",1,IF(J50="homophone",0.66,IF(J50="idiom",0.33,0))))+Model!$B$12*((5-K50)/4) | P50: ramp
A51: 50 | B51: 3 | C51: 4 | D51: 5 | E51: 4 | F51: 0.49 | G51: 0 | H51: 9 | I51: 2 | J51: idiom | K51: 4 | L51: 7 | M51: 104 | N51: 33 | O51: =Model!$B$4+Model!$B$5*((B51-1)/4)+Model!$B$6*((D51-4)/4)+Model!$B$7*((E51-1)/5)+Model!$B$8*(F51)+Model!$B$9*((G51)/2)+Model!$B$10*((H51-3)/11)+Model!$B$11*(IF(J51="double-layer",1,IF(J51="homophone",0.66,IF(J51="idiom",0.33,0))))+Model!$B$12*((5-K51)/4) | P51: spike | Q51: SPIKE: idiom puns enter rotation; longer words (P2=6)
A52: 51 | B52: 3 | C52: 4 | D52: 5 | E52: 4 | F52: 0.37 | G52: 0 | H52: 9 | I52: 2 | J52: idiom | K52: 4 | L52: 8 | M52: 96 | N52: 30 | O52: =Model!$B$4+Model!$B$5*((B52-1)/4)+Model!$B$6*((D52-4)/4)+Model!$B$7*((E52-1)/5)+Model!$B$8*(F52)+Model!$B$9*((G52)/2)+Model!$B$10*((H52-3)/11)+Model!$B$11*(IF(J52="double-layer",1,IF(J52="homophone",0.66,IF(J52="idiom",0.33,0))))+Model!$B$12*((5-K52)/4) | P52: relief | Q52: Relief: easier scramble after the spike (breather)
A53: 52 | B53: 3 | C53: 4 | D53: 5 | E53: 4 | F53: 0.42 | G53: 0 | H53: 10 | I53: 2 | J53: idiom | K53: 4 | L53: 8 | M53: 101 | N53: 32 | O53: =Model!$B$4+Model!$B$5*((B53-1)/4)+Model!$B$6*((D53-4)/4)+Model!$B$7*((E53-1)/5)+Model!$B$8*(F53)+Model!$B$9*((G53)/2)+Model!$B$10*((H53-3)/11)+Model!$B$11*(IF(J53="double-layer",1,IF(J53="homophone",0.66,IF(J53="idiom",0.33,0))))+Model!$B$12*((5-K53)/4) | P53: ramp
A54: 53 | B54: 3 | C54: 4 | D54: 5 | E54: 4 | F54: 0.47 | G54: 1 | H54: 10 | I54: 2 | J54: homophone | K54: 3 | L54: 8 | M54: 116 | N54: 38 | O54: =Model!$B$4+Model!$B$5*((B54-1)/4)+Model!$B$6*((D54-4)/4)+Model!$B$7*((E54-1)/5)+Model!$B$8*(F54)+Model!$B$9*((G54)/2)+Model!$B$10*((H54-3)/11)+Model!$B$11*(IF(J54="double-layer",1,IF(J54="homophone",0.66,IF(J54="idiom",0.33,0))))+Model!$B$12*((5-K54)/4) | P54: ramp
A55: 54 | B55: 3 | C55: 4 | D55: 5 | E55: 4 | F55: 0.52 | G55: 1 | H55: 11 | I55: 2 | J55: homophone | K55: 3 | L55: 8 | M55: 120 | N55: 40 | O55: =Model!$B$4+Model!$B$5*((B55-1)/4)+Model!$B$6*((D55-4)/4)+Model!$B$7*((E55-1)/5)+Model!$B$8*(F55)+Model!$B$9*((G55)/2)+Model!$B$10*((H55-3)/11)+Model!$B$11*(IF(J55="double-layer",1,IF(J55="homophone",0.66,IF(J55="idiom",0.33,0))))+Model!$B$12*((5-K55)/4) | P55: ramp
A56: 55 | B56: 3 | C56: 4 | D56: 6 | E56: 4 | F56: 0.53 | G56: 1 | H56: 11 | I56: 2 | J56: homophone | K56: 3 | L56: 8 | M56: 127 | N56: 43 | O56: =Model!$B$4+Model!$B$5*((B56-1)/4)+Model!$B$6*((D56-4)/4)+Model!$B$7*((E56-1)/5)+Model!$B$8*(F56)+Model!$B$9*((G56)/2)+Model!$B$10*((H56-3)/11)+Model!$B$11*(IF(J56="double-layer",1,IF(J56="homophone",0.66,IF(J56="idiom",0.33,0))))+Model!$B$12*((5-K56)/4) | P56: ramp
A57: 56 | B57: 3 | C57: 4 | D57: 6 | E57: 4 | F57: 0.52 | G57: 1 | H57: 12 | I57: 2 | J57: homophone | K57: 3 | L57: 8 | M57: 128 | N57: 43 | O57: =Model!$B$4+Model!$B$5*((B57-1)/4)+Model!$B$6*((D57-4)/4)+Model!$B$7*((E57-1)/5)+Model!$B$8*(F57)+Model!$B$9*((G57)/2)+Model!$B$10*((H57-3)/11)+Model!$B$11*(IF(J57="double-layer",1,IF(J57="homophone",0.66,IF(J57="idiom",0.33,0))))+Model!$B$12*((5-K57)/4) | P57: ramp | Q57: ANCHOR (=prototype v56); pinned P1-P8
A58: 57 | B58: 3 | C58: 4 | D58: 6 | E58: 4 | F58: 0.52 | G58: 1 | H58: 11 | I58: 2 | J58: homophone | K58: 3 | L58: 8 | M58: 127 | N58: 42 | O58: =Model!$B$4+Model!$B$5*((B58-1)/4)+Model!$B$6*((D58-4)/4)+Model!$B$7*((E58-1)/5)+Model!$B$8*(F58)+Model!$B$9*((G58)/2)+Model!$B$10*((H58-3)/11)+Model!$B$11*(IF(J58="double-layer",1,IF(J58="homophone",0.66,IF(J58="idiom",0.33,0))))+Model!$B$12*((5-K58)/4) | P58: ramp
A59: 58 | B59: 3 | C59: 4 | D59: 6 | E59: 4 | F59: 0.52 | G59: 1 | H59: 11 | I59: 2 | J59: homophone | K59: 3 | L59: 8 | M59: 127 | N59: 42 | O59: =Model!$B$4+Model!$B$5*((B59-1)/4)+Model!$B$6*((D59-4)/4)+Model!$B$7*((E59-1)/5)+Model!$B$8*(F59)+Model!$B$9*((G59)/2)+Model!$B$10*((H59-3)/11)+Model!$B$11*(IF(J59="double-layer",1,IF(J59="homophone",0.66,IF(J59="idiom",0.33,0))))+Model!$B$12*((5-K59)/4) | P59: ramp
A60: 59 | B60: 3 | C60: 4 | D60: 6 | E60: 4 | F60: 0.51 | G60: 1 | H60: 11 | I60: 2 | J60: homophone | K60: 3 | L60: 8 | M60: 126 | N60: 42 | O60: =Model!$B$4+Model!$B$5*((B60-1)/4)+Model!$B$6*((D60-4)/4)+Model!$B$7*((E60-1)/5)+Model!$B$8*(F60)+Model!$B$9*((G60)/2)+Model!$B$10*((H60-3)/11)+Model!$B$11*(IF(J60="double-layer",1,IF(J60="homophone",0.66,IF(J60="idiom",0.33,0))))+Model!$B$12*((5-K60)/4) | P60: ramp
A61: 60 | B61: 3 | C61: 4 | D61: 5 | E61: 5 | F61: 0.58 | G61: 1 | H61: 10 | I61: 2 | J61: homophone | K61: 3 | L61: 8 | M61: 124 | N61: 41 | O61: =Model!$B$4+Model!$B$5*((B61-1)/4)+Model!$B$6*((D61-4)/4)+Model!$B$7*((E61-1)/5)+Model!$B$8*(F61)+Model!$B$9*((G61)/2)+Model!$B$10*((H61-3)/11)+Model!$B$11*(IF(J61="double-layer",1,IF(J61="homophone",0.66,IF(J61="idiom",0.33,0))))+Model!$B$12*((5-K61)/4) | P61: spike | Q61: SPIKE: sustained trap anagrams; homophones at 12-letter answers
A62: 61 | B62: 3 | C62: 4 | D62: 5 | E62: 5 | F62: 0.45 | G62: 1 | H62: 10 | I62: 2 | J62: homophone | K62: 3 | L62: 8 | M62: 115 | N62: 37 | O62: =Model!$B$4+Model!$B$5*((B62-1)/4)+Model!$B$6*((D62-4)/4)+Model!$B$7*((E62-1)/5)+Model!$B$8*(F62)+Model!$B$9*((G62)/2)+Model!$B$10*((H62-3)/11)+Model!$B$11*(IF(J62="double-layer",1,IF(J62="homophone",0.66,IF(J62="idiom",0.33,0))))+Model!$B$12*((5-K62)/4) | P62: relief | Q62: Relief: easier scramble after the spike (breather)
A63: 62 | B63: 4 | C63: 4 | D63: 5 | E63: 5 | F63: 0.48 | G63: 1 | H63: 10 | I63: 2 | J63: homophone | K63: 3 | L63: 8 | M63: 141 | N63: 48 | O63: =Model!$B$4+Model!$B$5*((B63-1)/4)+Model!$B$6*((D63-4)/4)+Model!$B$7*((E63-1)/5)+Model!$B$8*(F63)+Model!$B$9*((G63)/2)+Model!$B$10*((H63-3)/11)+Model!$B$11*(IF(J63="double-layer",1,IF(J63="homophone",0.66,IF(J63="idiom",0.33,0))))+Model!$B$12*((5-K63)/4) | P63: ramp
A64: 63 | B64: 4 | C64: 4 | D64: 5 | E64: 5 | F64: 0.51 | G64: 1 | H64: 9 | I64: 2 | J64: homophone | K64: 3 | L64: 8 | M64: 142 | N64: 49 | O64: =Model!$B$4+Model!$B$5*((B64-1)/4)+Model!$B$6*((D64-4)/4)+Model!$B$7*((E64-1)/5)+Model!$B$8*(F64)+Model!$B$9*((G64)/2)+Model!$B$10*((H64-3)/11)+Model!$B$11*(IF(J64="double-layer",1,IF(J64="homophone",0.66,IF(J64="idiom",0.33,0))))+Model!$B$12*((5-K64)/4) | P64: ramp
A65: 64 | B65: 4 | C65: 4 | D65: 5 | E65: 5 | F65: 0.54 | G65: 1 | H65: 9 | I65: 2 | J65: double-layer | K65: 2 | L65: 8 | M65: 151 | N65: 52 | O65: =Model!$B$4+Model!$B$5*((B65-1)/4)+Model!$B$6*((D65-4)/4)+Model!$B$7*((E65-1)/5)+Model!$B$8*(F65)+Model!$B$9*((G65)/2)+Model!$B$10*((H65-3)/11)+Model!$B$11*(IF(J65="double-layer",1,IF(J65="homophone",0.66,IF(J65="idiom",0.33,0))))+Model!$B$12*((5-K65)/4) | P65: ramp
A66: 65 | B66: 4 | C66: 4 | D66: 5 | E66: 5 | F66: 0.53 | G66: 1 | H66: 9 | I66: 2 | J66: double-layer | K66: 2 | L66: 8 | M66: 150 | N66: 52 | O66: =Model!$B$4+Model!$B$5*((B66-1)/4)+Model!$B$6*((D66-4)/4)+Model!$B$7*((E66-1)/5)+Model!$B$8*(F66)+Model!$B$9*((G66)/2)+Model!$B$10*((H66-3)/11)+Model!$B$11*(IF(J66="double-layer",1,IF(J66="homophone",0.66,IF(J66="idiom",0.33,0))))+Model!$B$12*((5-K66)/4) | P66: ramp
A67: 66 | B67: 4 | C67: 4 | D67: 5 | E67: 5 | F67: 0.47 | G67: 1 | H67: 8 | I67: 2 | J67: double-layer | K67: 2 | L67: 8 | M67: 145 | N67: 50 | O67: =Model!$B$4+Model!$B$5*((B67-1)/4)+Model!$B$6*((D67-4)/4)+Model!$B$7*((E67-1)/5)+Model!$B$8*(F67)+Model!$B$9*((G67)/2)+Model!$B$10*((H67-3)/11)+Model!$B$11*(IF(J67="double-layer",1,IF(J67="homophone",0.66,IF(J67="idiom",0.33,0))))+Model!$B$12*((5-K67)/4) | P67: ramp
A68: 67 | B68: 4 | C68: 4 | D68: 5 | E68: 5 | F68: 0.5 | G68: 1 | H68: 8 | I68: 2 | J68: double-layer | K68: 2 | L68: 8 | M68: 147 | N68: 51 | O68: =Model!$B$4+Model!$B$5*((B68-1)/4)+Model!$B$6*((D68-4)/4)+Model!$B$7*((E68-1)/5)+Model!$B$8*(F68)+Model!$B$9*((G68)/2)+Model!$B$10*((H68-3)/11)+Model!$B$11*(IF(J68="double-layer",1,IF(J68="homophone",0.66,IF(J68="idiom",0.33,0))))+Model!$B$12*((5-K68)/4) | P68: spike | Q68: ANCHOR (=prototype v67); pinned P1-P8
A69: 68 | B69: 4 | C69: 4 | D69: 5 | E69: 5 | F69: 0.49 | G69: 1 | H69: 8 | I69: 2 | J69: double-layer | K69: 2 | L69: 8 | M69: 147 | N69: 50 | O69: =Model!$B$4+Model!$B$5*((B69-1)/4)+Model!$B$6*((D69-4)/4)+Model!$B$7*((E69-1)/5)+Model!$B$8*(F69)+Model!$B$9*((G69)/2)+Model!$B$10*((H69-3)/11)+Model!$B$11*(IF(J69="double-layer",1,IF(J69="homophone",0.66,IF(J69="idiom",0.33,0))))+Model!$B$12*((5-K69)/4) | P69: ramp
A70: 69 | B70: 4 | C70: 4 | D70: 5 | E70: 5 | F70: 0.48 | G70: 1 | H70: 8 | I70: 2 | J70: double-layer | K70: 2 | L70: 8 | M70: 146 | N70: 50 | O70: =Model!$B$4+Model!$B$5*((B70-1)/4)+Model!$B$6*((D70-4)/4)+Model!$B$7*((E70-1)/5)+Model!$B$8*(F70)+Model!$B$9*((G70)/2)+Model!$B$10*((H70-3)/11)+Model!$B$11*(IF(J70="double-layer",1,IF(J70="homophone",0.66,IF(J70="idiom",0.33,0))))+Model!$B$12*((5-K70)/4) | P70: ramp
A71: 70 | B71: 4 | C71: 4 | D71: 5 | E71: 5 | F71: 0.54 | G71: 1 | H71: 8 | I71: 2 | J71: double-layer | K71: 2 | L71: 9 | M71: 150 | N71: 52 | O71: =Model!$B$4+Model!$B$5*((B71-1)/4)+Model!$B$6*((D71-4)/4)+Model!$B$7*((E71-1)/5)+Model!$B$8*(F71)+Model!$B$9*((G71)/2)+Model!$B$10*((H71-3)/11)+Model!$B$11*(IF(J71="double-layer",1,IF(J71="homophone",0.66,IF(J71="idiom",0.33,0))))+Model!$B$12*((5-K71)/4) | P71: spike | Q71: SPIKE: double-layer puns become the block standard; P8 drops to 2
A72: 71 | B72: 4 | C72: 4 | D72: 5 | E72: 5 | F72: 0.4 | G72: 1 | H72: 8 | I72: 2 | J72: double-layer | K72: 2 | L72: 9 | M72: 141 | N72: 48 | O72: =Model!$B$4+Model!$B$5*((B72-1)/4)+Model!$B$6*((D72-4)/4)+Model!$B$7*((E72-1)/5)+Model!$B$8*(F72)+Model!$B$9*((G72)/2)+Model!$B$10*((H72-3)/11)+Model!$B$11*(IF(J72="double-layer",1,IF(J72="homophone",0.66,IF(J72="idiom",0.33,0))))+Model!$B$12*((5-K72)/4) | P72: relief | Q72: Relief: easier scramble after the spike (breather)
A73: 72 | B73: 4 | C73: 4 | D73: 5 | E73: 5 | F73: 0.42 | G73: 1 | H73: 8 | I73: 2 | J73: double-layer | K73: 2 | L73: 9 | M73: 142 | N73: 48 | O73: =Model!$B$4+Model!$B$5*((B73-1)/4)+Model!$B$6*((D73-4)/4)+Model!$B$7*((E73-1)/5)+Model!$B$8*(F73)+Model!$B$9*((G73)/2)+Model!$B$10*((H73-3)/11)+Model!$B$11*(IF(J73="double-layer",1,IF(J73="homophone",0.66,IF(J73="idiom",0.33,0))))+Model!$B$12*((5-K73)/4) | P73: ramp
A74: 73 | B74: 4 | C74: 4 | D74: 5 | E74: 4 | F74: 0.45 | G74: 1 | H74: 8 | I74: 2 | J74: double-layer | K74: 3 | L74: 9 | M74: 143 | N74: 49 | O74: =Model!$B$4+Model!$B$5*((B74-1)/4)+Model!$B$6*((D74-4)/4)+Model!$B$7*((E74-1)/5)+Model!$B$8*(F74)+Model!$B$9*((G74)/2)+Model!$B$10*((H74-3)/11)+Model!$B$11*(IF(J74="double-layer",1,IF(J74="homophone",0.66,IF(J74="idiom",0.33,0))))+Model!$B$12*((5-K74)/4) | P74: ramp
A75: 74 | B75: 4 | C75: 4 | D75: 5 | E75: 4 | F75: 0.47 | G75: 1 | H75: 8 | I75: 2 | J75: double-layer | K75: 3 | L75: 9 | M75: 144 | N75: 49 | O75: =Model!$B$4+Model!$B$5*((B75-1)/4)+Model!$B$6*((D75-4)/4)+Model!$B$7*((E75-1)/5)+Model!$B$8*(F75)+Model!$B$9*((G75)/2)+Model!$B$10*((H75-3)/11)+Model!$B$11*(IF(J75="double-layer",1,IF(J75="homophone",0.66,IF(J75="idiom",0.33,0))))+Model!$B$12*((5-K75)/4) | P75: ramp
A76: 75 | B76: 4 | C76: 4 | D76: 5 | E76: 4 | F76: 0.46 | G76: 1 | H76: 8 | I76: 2 | J76: double-layer | K76: 3 | L76: 9 | M76: 143 | N76: 49 | O76: =Model!$B$4+Model!$B$5*((B76-1)/4)+Model!$B$6*((D76-4)/4)+Model!$B$7*((E76-1)/5)+Model!$B$8*(F76)+Model!$B$9*((G76)/2)+Model!$B$10*((H76-3)/11)+Model!$B$11*(IF(J76="double-layer",1,IF(J76="homophone",0.66,IF(J76="idiom",0.33,0))))+Model!$B$12*((5-K76)/4) | P76: ramp
A77: 76 | B77: 4 | C77: 4 | D77: 5 | E77: 4 | F77: 0.39 | G77: 1 | H77: 8 | I77: 2 | J77: double-layer | K77: 3 | L77: 9 | M77: 139 | N77: 47 | O77: =Model!$B$4+Model!$B$5*((B77-1)/4)+Model!$B$6*((D77-4)/4)+Model!$B$7*((E77-1)/5)+Model!$B$8*(F77)+Model!$B$9*((G77)/2)+Model!$B$10*((H77-3)/11)+Model!$B$11*(IF(J77="double-layer",1,IF(J77="homophone",0.66,IF(J77="idiom",0.33,0))))+Model!$B$12*((5-K77)/4) | P77: ramp
A78: 77 | B78: 4 | C78: 4 | D78: 5 | E78: 4 | F78: 0.41 | G78: 1 | H78: 8 | I78: 2 | J78: double-layer | K78: 3 | L78: 9 | M78: 140 | N78: 48 | O78: =Model!$B$4+Model!$B$5*((B78-1)/4)+Model!$B$6*((D78-4)/4)+Model!$B$7*((E78-1)/5)+Model!$B$8*(F78)+Model!$B$9*((G78)/2)+Model!$B$10*((H78-3)/11)+Model!$B$11*(IF(J78="double-layer",1,IF(J78="homophone",0.66,IF(J78="idiom",0.33,0))))+Model!$B$12*((5-K78)/4) | P78: ramp
A79: 78 | B79: 4 | C79: 4 | D79: 5 | E79: 4 | F79: 0.4 | G79: 1 | H79: 8 | I79: 2 | J79: double-layer | K79: 3 | L79: 9 | M79: 139 | N79: 47 | O79: =Model!$B$4+Model!$B$5*((B79-1)/4)+Model!$B$6*((D79-4)/4)+Model!$B$7*((E79-1)/5)+Model!$B$8*(F79)+Model!$B$9*((G79)/2)+Model!$B$10*((H79-3)/11)+Model!$B$11*(IF(J79="double-layer",1,IF(J79="homophone",0.66,IF(J79="idiom",0.33,0))))+Model!$B$12*((5-K79)/4) | P79: relief | Q79: ANCHOR (=prototype v78); pinned P1-P8
A80: 79 | B80: 4 | C80: 4 | D80: 5 | E80: 4 | F80: 0.42 | G80: 1 | H80: 8 | I80: 2 | J80: double-layer | K80: 3 | L80: 9 | M80: 141 | N80: 48 | O80: =Model!$B$4+Model!$B$5*((B80-1)/4)+Model!$B$6*((D80-4)/4)+Model!$B$7*((E80-1)/5)+Model!$B$8*(F80)+Model!$B$9*((G80)/2)+Model!$B$10*((H80-3)/11)+Model!$B$11*(IF(J80="double-layer",1,IF(J80="homophone",0.66,IF(J80="idiom",0.33,0))))+Model!$B$12*((5-K80)/4) | P80: ramp
A81: 80 | B81: 4 | C81: 4 | D81: 5 | E81: 4 | F81: 0.51 | G81: 1 | H81: 8 | I81: 2 | J81: double-layer | K81: 3 | L81: 9 | M81: 147 | N81: 50 | O81: =Model!$B$4+Model!$B$5*((B81-1)/4)+Model!$B$6*((D81-4)/4)+Model!$B$7*((E81-1)/5)+Model!$B$8*(F81)+Model!$B$9*((G81)/2)+Model!$B$10*((H81-3)/11)+Model!$B$11*(IF(J81="double-layer",1,IF(J81="homophone",0.66,IF(J81="idiom",0.33,0))))+Model!$B$12*((5-K81)/4) | P81: spike | Q81: SPIKE: 4-word levels harden; rarer lexicon (P3=5)
A82: 81 | B82: 4 | C82: 4 | D82: 5 | E82: 4 | F82: 0.39 | G82: 1 | H82: 8 | I82: 2 | J82: double-layer | K82: 3 | L82: 9 | M82: 139 | N82: 47 | O82: =Model!$B$4+Model!$B$5*((B82-1)/4)+Model!$B$6*((D82-4)/4)+Model!$B$7*((E82-1)/5)+Model!$B$8*(F82)+Model!$B$9*((G82)/2)+Model!$B$10*((H82-3)/11)+Model!$B$11*(IF(J82="double-layer",1,IF(J82="homophone",0.66,IF(J82="idiom",0.33,0))))+Model!$B$12*((5-K82)/4) | P82: relief | Q82: Relief: easier scramble after the spike (breather)
A83: 82 | B83: 4 | C83: 4 | D83: 5 | E83: 5 | F83: 0.44 | G83: 1 | H83: 9 | I83: 2 | J83: double-layer | K83: 3 | L83: 9 | M83: 143 | N83: 49 | O83: =Model!$B$4+Model!$B$5*((B83-1)/4)+Model!$B$6*((D83-4)/4)+Model!$B$7*((E83-1)/5)+Model!$B$8*(F83)+Model!$B$9*((G83)/2)+Model!$B$10*((H83-3)/11)+Model!$B$11*(IF(J83="double-layer",1,IF(J83="homophone",0.66,IF(J83="idiom",0.33,0))))+Model!$B$12*((5-K83)/4) | P83: ramp
A84: 83 | B84: 4 | C84: 4 | D84: 5 | E84: 5 | F84: 0.49 | G84: 1 | H84: 9 | I84: 2 | J84: double-layer | K84: 3 | L84: 9 | M84: 147 | N84: 51 | O84: =Model!$B$4+Model!$B$5*((B84-1)/4)+Model!$B$6*((D84-4)/4)+Model!$B$7*((E84-1)/5)+Model!$B$8*(F84)+Model!$B$9*((G84)/2)+Model!$B$10*((H84-3)/11)+Model!$B$11*(IF(J84="double-layer",1,IF(J84="homophone",0.66,IF(J84="idiom",0.33,0))))+Model!$B$12*((5-K84)/4) | P84: ramp
A85: 84 | B85: 4 | C85: 4 | D85: 5 | E85: 5 | F85: 0.54 | G85: 1 | H85: 9 | I85: 2 | J85: double-layer | K85: 3 | L85: 9 | M85: 150 | N85: 52 | O85: =Model!$B$4+Model!$B$5*((B85-1)/4)+Model!$B$6*((D85-4)/4)+Model!$B$7*((E85-1)/5)+Model!$B$8*(F85)+Model!$B$9*((G85)/2)+Model!$B$10*((H85-3)/11)+Model!$B$11*(IF(J85="double-layer",1,IF(J85="homophone",0.66,IF(J85="idiom",0.33,0))))+Model!$B$12*((5-K85)/4) | P85: ramp
A86: 85 | B86: 4 | C86: 4 | D86: 5 | E86: 5 | F86: 0.56 | G86: 1 | H86: 9 | I86: 2 | J86: double-layer | K86: 3 | L86: 9 | M86: 152 | N86: 52 | O86: =Model!$B$4+Model!$B$5*((B86-1)/4)+Model!$B$6*((D86-4)/4)+Model!$B$7*((E86-1)/5)+Model!$B$8*(F86)+Model!$B$9*((G86)/2)+Model!$B$10*((H86-3)/11)+Model!$B$11*(IF(J86="double-layer",1,IF(J86="homophone",0.66,IF(J86="idiom",0.33,0))))+Model!$B$12*((5-K86)/4) | P86: ramp
A87: 86 | B87: 4 | C87: 4 | D87: 6 | E87: 5 | F87: 0.52 | G87: 1 | H87: 9 | I87: 2 | J87: double-layer | K87: 2 | L87: 9 | M87: 156 | N87: 54 | O87: =Model!$B$4+Model!$B$5*((B87-1)/4)+Model!$B$6*((D87-4)/4)+Model!$B$7*((E87-1)/5)+Model!$B$8*(F87)+Model!$B$9*((G87)/2)+Model!$B$10*((H87-3)/11)+Model!$B$11*(IF(J87="double-layer",1,IF(J87="homophone",0.66,IF(J87="idiom",0.33,0))))+Model!$B$12*((5-K87)/4) | P87: ramp
A88: 87 | B88: 4 | C88: 4 | D88: 6 | E88: 5 | F88: 0.56 | G88: 1 | H88: 9 | I88: 2 | J88: double-layer | K88: 2 | L88: 9 | M88: 159 | N88: 55 | O88: =Model!$B$4+Model!$B$5*((B88-1)/4)+Model!$B$6*((D88-4)/4)+Model!$B$7*((E88-1)/5)+Model!$B$8*(F88)+Model!$B$9*((G88)/2)+Model!$B$10*((H88-3)/11)+Model!$B$11*(IF(J88="double-layer",1,IF(J88="homophone",0.66,IF(J88="idiom",0.33,0))))+Model!$B$12*((5-K88)/4) | P88: ramp
A89: 88 | B89: 4 | C89: 4 | D89: 6 | E89: 5 | F89: 0.58 | G89: 1 | H89: 10 | I89: 2 | J89: double-layer | K89: 2 | L89: 9 | M89: 161 | N89: 56 | O89: =Model!$B$4+Model!$B$5*((B89-1)/4)+Model!$B$6*((D89-4)/4)+Model!$B$7*((E89-1)/5)+Model!$B$8*(F89)+Model!$B$9*((G89)/2)+Model!$B$10*((H89-3)/11)+Model!$B$11*(IF(J89="double-layer",1,IF(J89="homophone",0.66,IF(J89="idiom",0.33,0))))+Model!$B$12*((5-K89)/4) | P89: ramp
A90: 89 | B90: 4 | C90: 4 | D90: 6 | E90: 5 | F90: 0.6 | G90: 1 | H90: 10 | I90: 2 | J90: double-layer | K90: 2 | L90: 9 | M90: 163 | N90: 57 | O90: =Model!$B$4+Model!$B$5*((B90-1)/4)+Model!$B$6*((D90-4)/4)+Model!$B$7*((E90-1)/5)+Model!$B$8*(F90)+Model!$B$9*((G90)/2)+Model!$B$10*((H90-3)/11)+Model!$B$11*(IF(J90="double-layer",1,IF(J90="homophone",0.66,IF(J90="idiom",0.33,0))))+Model!$B$12*((5-K90)/4) | P90: ramp | Q90: ANCHOR (=prototype v89); pinned P1-P8
A91: 90 | B91: 4 | C91: 4 | D91: 6 | E91: 5 | F91: 0.68 | G91: 1 | H91: 10 | I91: 2 | J91: double-layer | K91: 2 | L91: 10 | M91: 168 | N91: 59 | O91: =Model!$B$4+Model!$B$5*((B91-1)/4)+Model!$B$6*((D91-4)/4)+Model!$B$7*((E91-1)/5)+Model!$B$8*(F91)+Model!$B$9*((G91)/2)+Model!$B$10*((H91-3)/11)+Model!$B$11*(IF(J91="double-layer",1,IF(J91="homophone",0.66,IF(J91="idiom",0.33,0))))+Model!$B$12*((5-K91)/4) | P91: spike | Q91: SPIKE: near-max scramble + double-layer; exam approaches
A92: 91 | B92: 4 | C92: 4 | D92: 6 | E92: 5 | F92: 0.56 | G92: 1 | H92: 10 | I92: 2 | J92: double-layer | K92: 2 | L92: 10 | M92: 160 | N92: 56 | O92: =Model!$B$4+Model!$B$5*((B92-1)/4)+Model!$B$6*((D92-4)/4)+Model!$B$7*((E92-1)/5)+Model!$B$8*(F92)+Model!$B$9*((G92)/2)+Model!$B$10*((H92-3)/11)+Model!$B$11*(IF(J92="double-layer",1,IF(J92="homophone",0.66,IF(J92="idiom",0.33,0))))+Model!$B$12*((5-K92)/4) | P92: relief | Q92: Relief: easier scramble after the spike (breather)
A93: 92 | B93: 4 | C93: 4 | D93: 6 | E93: 5 | F93: 0.6 | G93: 1 | H93: 10 | I93: 2 | J93: double-layer | K93: 2 | L93: 10 | M93: 163 | N93: 57 | O93: =Model!$B$4+Model!$B$5*((B93-1)/4)+Model!$B$6*((D93-4)/4)+Model!$B$7*((E93-1)/5)+Model!$B$8*(F93)+Model!$B$9*((G93)/2)+Model!$B$10*((H93-3)/11)+Model!$B$11*(IF(J93="double-layer",1,IF(J93="homophone",0.66,IF(J93="idiom",0.33,0))))+Model!$B$12*((5-K93)/4) | P93: ramp
A94: 93 | B94: 4 | C94: 4 | D94: 6 | E94: 6 | F94: 0.64 | G94: 1 | H94: 10 | I94: 2 | J94: double-layer | K94: 2 | L94: 10 | M94: 166 | N94: 58 | O94: =Model!$B$4+Model!$B$5*((B94-1)/4)+Model!$B$6*((D94-4)/4)+Model!$B$7*((E94-1)/5)+Model!$B$8*(F94)+Model!$B$9*((G94)/2)+Model!$B$10*((H94-3)/11)+Model!$B$11*(IF(J94="double-layer",1,IF(J94="homophone",0.66,IF(J94="idiom",0.33,0))))+Model!$B$12*((5-K94)/4) | P94: ramp
A95: 94 | B95: 4 | C95: 4 | D95: 6 | E95: 6 | F95: 0.68 | G95: 1 | H95: 10 | I95: 2 | J95: double-layer | K95: 2 | L95: 10 | M95: 169 | N95: 59 | O95: =Model!$B$4+Model!$B$5*((B95-1)/4)+Model!$B$6*((D95-4)/4)+Model!$B$7*((E95-1)/5)+Model!$B$8*(F95)+Model!$B$9*((G95)/2)+Model!$B$10*((H95-3)/11)+Model!$B$11*(IF(J95="double-layer",1,IF(J95="homophone",0.66,IF(J95="idiom",0.33,0))))+Model!$B$12*((5-K95)/4) | P95: ramp
A96: 95 | B96: 5 | C96: 4 | D96: 6 | E96: 6 | F96: 0.68 | G96: 1 | H96: 10 | I96: 2 | J96: double-layer | K96: 2 | L96: 10 | M96: 193 | N96: 69 | O96: =Model!$B$4+Model!$B$5*((B96-1)/4)+Model!$B$6*((D96-4)/4)+Model!$B$7*((E96-1)/5)+Model!$B$8*(F96)+Model!$B$9*((G96)/2)+Model!$B$10*((H96-3)/11)+Model!$B$11*(IF(J96="double-layer",1,IF(J96="homophone",0.66,IF(J96="idiom",0.33,0))))+Model!$B$12*((5-K96)/4) | P96: ramp
A97: 96 | B97: 5 | C97: 4 | D97: 6 | E97: 6 | F97: 0.63 | G97: 1 | H97: 10 | I97: 2 | J97: double-layer | K97: 2 | L97: 10 | M97: 189 | N97: 68 | O97: =Model!$B$4+Model!$B$5*((B97-1)/4)+Model!$B$6*((D97-4)/4)+Model!$B$7*((E97-1)/5)+Model!$B$8*(F97)+Model!$B$9*((G97)/2)+Model!$B$10*((H97-3)/11)+Model!$B$11*(IF(J97="double-layer",1,IF(J97="homophone",0.66,IF(J97="idiom",0.33,0))))+Model!$B$12*((5-K97)/4) | P97: ramp
A98: 97 | B98: 5 | C98: 4 | D98: 6 | E98: 6 | F98: 0.67 | G98: 1 | H98: 10 | I98: 2 | J98: double-layer | K98: 1 | L98: 10 | M98: 193 | N98: 69 | O98: =Model!$B$4+Model!$B$5*((B98-1)/4)+Model!$B$6*((D98-4)/4)+Model!$B$7*((E98-1)/5)+Model!$B$8*(F98)+Model!$B$9*((G98)/2)+Model!$B$10*((H98-3)/11)+Model!$B$11*(IF(J98="double-layer",1,IF(J98="homophone",0.66,IF(J98="idiom",0.33,0))))+Model!$B$12*((5-K98)/4) | P98: ramp
A99: 98 | B99: 5 | C99: 4 | D99: 6 | E99: 6 | F99: 0.68 | G99: 1 | H99: 10 | I99: 2 | J99: double-layer | K99: 1 | L99: 10 | M99: 194 | N99: 70 | O99: =Model!$B$4+Model!$B$5*((B99-1)/4)+Model!$B$6*((D99-4)/4)+Model!$B$7*((E99-1)/5)+Model!$B$8*(F99)+Model!$B$9*((G99)/2)+Model!$B$10*((H99-3)/11)+Model!$B$11*(IF(J99="double-layer",1,IF(J99="homophone",0.66,IF(J99="idiom",0.33,0))))+Model!$B$12*((5-K99)/4) | P99: ramp
A100: 99 | B100: 5 | C100: 4 | D100: 6 | E100: 6 | F100: 0.69 | G100: 1 | H100: 10 | I100: 2 | J100: double-layer | K100: 1 | L100: 10 | M100: 194 | N100: 70 | O100: =Model!$B$4+Model!$B$5*((B100-1)/4)+Model!$B$6*((D100-4)/4)+Model!$B$7*((E100-1)/5)+Model!$B$8*(F100)+Model!$B$9*((G100)/2)+Model!$B$10*((H100-3)/11)+Model!$B$11*(IF(J100="double-layer",1,IF(J100="homophone",0.66,IF(J100="idiom",0.33,0))))+Model!$B$12*((5-K100)/4) | P100: ramp
...

Sheet Curve
B22: Spikes at every 10th level; reliefs at the level right after; sublinear trend underneath.
